年齢,経験年数,学歴,部署,役職,残業時間,プロジェクト数,資格数,年収
60,4,院卒,総務,主任,10,5,0,654
50,9,大卒,開発,なし,67,6,4,759
36,32,大卒,企画,なし,67,12,7,1050
64,37,大卒,企画,主任,21,2,6,1235
29,12,高卒,製造,なし,65,5,1,542
42,30,大卒,製造,なし,43,7,0,894
60,35,高卒,営業,なし,5,10,6,1066
40,23,専門卒,営業,なし,41,10,6,837
44,14,院卒,営業,なし,24,8,7,933
32,28,大卒,製造,なし,56,12,3,900
32,7,大卒,製造,課長,54,7,3,725
45,4,高卒,製造,主任,15,8,1,490
57,28,専門卒,企画,なし,13,14,4,995
61,3,専門卒,製造,なし,38,12,3,800
45,11,専門卒,企画,主任,27,9,7,791
24,1,大卒,営業,なし,50,5,3,325
43,26,専門卒,営業,係長,48,13,4,1015
23,30,大卒,営業,主任,8,5,0,696
45,35,高卒,開発,係長,57,11,3,1002
51,35,高卒,開発,なし,44,10,7,1080
59,25,専門卒,総務,主任,21,4,2,905
23,26,大卒,総務,なし,31,13,7,728
42,4,大卒,総務,課長,68,9,5,947
54,19,大卒,開発,主任,68,5,5,935
33,10,大卒,開発,なし,41,14,3,626
43,9,大卒,総務,なし,52,2,0,569
46,39,高卒,総務,なし,58,10,6,1093
48,37,専門卒,製造,主任,73,8,0,1152
63,5,大卒,総務,なし,38,7,7,784
49,7,大卒,製造,主任,14,8,1,664
37,22,専門卒,企画,なし,70,12,2,826
36,25,院卒,開発,主任,28,3,0,769
24,11,大卒,総務,係長,2,4,4,556
58,25,専門卒,開発,係長,9,5,7,1076
28,12,大卒,開発,係長,28,6,2,608
42,39,大卒,開発,なし,78,1,5,1040
30,17,大卒,企画,なし,34,4,7,665
60,24,大卒,営業,主任,5,11,2,989
39,32,専門卒,総務,なし,11,12,4,908
25,39,大卒,営業,なし,37,10,3,922
46,11,大卒,営業,なし,76,13,4,906
35,35,大卒,営業,なし,18,5,4,771
30,3,大卒,開発,なし,66,7,3,519
47,4,高卒,製造,係長,7,13,3,629
23,36,大卒,開発,なし,7,5,3,746
41,7,専門卒,開発,主任,46,13,3,745
49,27,大卒,営業,なし,3,13,3,967
28,30,大卒,開発,主任,50,1,4,877
29,8,専門卒,営業,なし,66,11,1,609
56,28,大卒,製造,係長,44,7,1,1064
35,13,高卒,総務,係長,7,8,7,771
38,39,高卒,営業,なし,15,13,0,962
57,21,大卒,製造,課長,76,7,1,1149
61,10,大卒,総務,部長,66,11,5,1367
25,22,院卒,企画,係長,8,14,1,805
23,0,大卒,営業,係長,59,13,4,643
27,36,専門卒,営業,なし,77,4,3,864
63,20,大卒,企画,主任,76,8,7,1103
25,25,高卒,企画,なし,70,5,3,645
50,35,院卒,営業,なし,14,10,6,1104
39,22,大卒,企画,部長,70,9,6,1296
47,0,大卒,開発,なし,40,12,6,634
55,39,高卒,総務,主任,21,12,4,1135
31,14,大卒,総務,係長,23,10,5,734
57,20,大卒,総務,係長,43,5,1,922
35,8,大卒,開発,部長,0,1,4,935
52,8,高卒,企画,なし,9,12,0,670
36,9,専門卒,製造,なし,79,9,7,763
29,25,院卒,企画,なし,71,12,3,876
35,34,大卒,営業,なし,55,5,6,950
44,24,大卒,総務,なし,49,6,2,799
61,25,高卒,企画,なし,11,4,0,853
42,10,院卒,製造,係長,59,6,6,889
37,37,高卒,営業,主任,25,12,5,1112
39,1,大卒,開発,なし,77,8,0,597
45,6,大卒,開発,主任,40,3,4,689
47,17,専門卒,製造,なし,35,5,1,716
46,26,大卒,営業,なし,22,2,3,864
62,33,高卒,総務,係長,42,14,7,1235
50,26,専門卒,企画,主任,5,2,5,936
36,16,大卒,営業,係長,68,13,5,868
22,23,院卒,開発,なし,42,7,2,679
46,24,大卒,製造,係長,24,10,0,848
28,6,大卒,製造,主任,17,13,2,580
30,5,高卒,企画,主任,61,10,1,546
45,23,高卒,製造,主任,12,14,6,884
22,32,高卒,製造,係長,42,11,1,789
29,28,専門卒,営業,主任,77,10,6,989
45,21,専門卒,総務,主任,27,6,2,805
32,25,大卒,企画,部長,17,4,3,1078
38,27,専門卒,営業,係長,58,5,1,977
29,20,専門卒,総務,なし,59,1,2,602
56,6,大卒,営業,主任,62,7,0,815
56,16,大卒,営業,なし,56,8,2,822
54,19,専門卒,製造,なし,50,9,2,853
26,19,院卒,総務,主任,55,8,4,813
63,21,院卒,企画,課長,26,5,1,1148
60,27,高卒,企画,課長,31,3,7,1189
62,39,大卒,総務,なし,8,10,3,1129
49,6,大卒,製造,主任,67,11,3,734
28,0,大卒,開発,なし,45,9,4,532
30,31,大卒,営業,部長,66,6,6,1280
29,12,大卒,製造,部長,25,5,5,990
33,29,大卒,総務,主任,7,13,6,945
55,22,大卒,営業,係長,5,3,3,943
54,18,大卒,企画,主任,79,6,2,916
44,31,大卒,開発,主任,23,3,4,989
45,29,大卒,企画,なし,47,10,0,929
58,28,大卒,総務,なし,44,12,1,1035
56,28,高卒,営業,主任,12,6,1,922
61,29,専門卒,総務,主任,68,4,7,1222
43,15,大卒,営業,なし,24,2,1,612
48,39,専門卒,製造,課長,19,8,2,1221
56,18,高卒,開発,なし,65,4,0,772
22,17,高卒,製造,主任,73,9,4,594
56,0,専門卒,製造,主任,44,7,4,631
58,13,院卒,総務,主任,46,12,1,909
35,1,大卒,開発,主任,62,2,0,475
24,27,院卒,営業,なし,75,4,0,847
22,29,大卒,営業,なし,76,5,0,756
26,37,大卒,企画,主任,54,3,3,934
47,3,専門卒,営業,主任,74,9,3,695
35,0,大卒,総務,なし,18,13,1,478
60,7,高卒,製造,主任,34,5,0,797
48,28,院卒,製造,なし,52,2,5,940
30,38,大卒,製造,主任,25,11,0,940
36,2,専門卒,開発,係長,13,3,4,610
36,31,院卒,営業,なし,44,14,4,1037
47,9,大卒,総務,なし,43,9,1,758
63,9,大卒,開発,係長,64,7,5,998
34,18,高卒,企画,主任,50,2,0,653
53,33,大卒,総務,主任,42,9,6,1149
60,32,大卒,総務,係長,22,14,5,1255
53,22,専門卒,総務,係長,55,4,7,1001
25,27,高卒,製造,課長,18,13,1,902
51,31,大卒,総務,主任,75,9,4,1136
58,6,高卒,営業,なし,54,13,6,814
44,28,大卒,総務,なし,59,2,4,972
60,7,院卒,製造,なし,58,12,3,881
36,0,院卒,総務,主任,32,10,1,629
64,2,専門卒,企画,なし,18,12,1,756
50,23,院卒,企画,課長,27,4,0,1083
57,22,高卒,製造,主任,51,5,0,848
34,7,高卒,営業,主任,48,2,3,553
53,36,大卒,営業,なし,36,10,6,1208
28,2,大卒,開発,なし,25,1,7,376
43,32,大卒,製造,なし,39,7,2,915
49,27,大卒,総務,なし,79,10,5,1086
23,7,高卒,製造,なし,37,1,2,357
63,33,専門卒,開発,主任,76,11,2,1244
27,34,大卒,製造,係長,53,11,1,1013
49,31,大卒,製造,係長,21,8,5,1094
49,23,大卒,開発,主任,15,3,1,850
41,13,専門卒,営業,なし,27,14,7,775
51,31,大卒,総務,係長,34,10,5,1148
32,15,高卒,開発,係長,59,6,4,817
49,3,高卒,企画,なし,44,7,1,562
46,36,大卒,営業,主任,45,10,1,1048
60,20,専門卒,企画,なし,71,1,1,921
54,13,高卒,営業,係長,54,14,6,937
22,30,大卒,総務,部長,25,6,3,1092
48,17,大卒,総務,なし,24,7,1,721
34,6,大卒,製造,係長,64,6,7,733
62,9,専門卒,企画,主任,5,4,0,715
24,6,専門卒,営業,課長,22,1,0,563
60,32,専門卒,総務,なし,63,11,5,1138
27,22,高卒,開発,係長,42,9,4,805
29,20,大卒,総務,なし,22,4,3,667
48,18,大卒,開発,なし,29,7,6,813
30,18,大卒,営業,なし,76,7,5,785
58,35,大卒,総務,課長,17,2,0,1213
54,28,大卒,総務,係長,78,1,3,1018
63,17,大卒,営業,係長,20,8,3,1009
45,1,大卒,総務,課長,56,8,4,810
36,0,大卒,開発,なし,22,7,7,584
53,4,大卒,総務,なし,44,14,3,724
53,19,高卒,企画,なし,43,8,1,742
45,10,大卒,製造,なし,46,3,3,667
62,1,院卒,開発,なし,39,11,4,779
33,2,専門卒,企画,なし,50,2,5,518
60,22,高卒,営業,なし,41,7,4,889
23,11,大卒,開発,なし,6,8,6,528
24,19,大卒,製造,なし,49,1,4,673
58,4,大卒,製造,なし,47,12,0,772
38,36,大卒,営業,課長,5,10,1,1108
23,37,高卒,営業,係長,8,9,7,912
23,29,大卒,開発,課長,56,13,0,985
49,8,専門卒,総務,なし,30,11,5,754
44,33,大卒,営業,なし,20,4,2,851
58,34,大卒,総務,係長,39,14,5,1302
53,21,高卒,企画,なし,44,12,1,809
54,23,高卒,製造,なし,76,14,3,1002
22,16,高卒,総務,なし,48,4,4,488
40,9,大卒,製造,なし,19,3,2,639
23,29,専門卒,総務,なし,16,6,1,680
47,22,大卒,企画,なし,27,1,0,676
53,31,大卒,営業,主任,40,6,4,1064
27,16,専門卒,企画,なし,65,2,5,606
53,16,高卒,営業,なし,24,9,0,698
25,13,高卒,営業,係長,57,2,1,578
32,8,院卒,製造,なし,40,7,1,546
38,39,専門卒,企画,なし,5,12,5,1011
59,1,大卒,総務,係長,74,1,2,811
45,24,大卒,企画,なし,37,12,5,939
26,38,大卒,製造,なし,5,7,3,822
55,8,院卒,営業,なし,44,5,0,768
27,21,大卒,製造,なし,74,8,2,755
43,3,院卒,開発,主任,13,4,4,660
32,25,高卒,開発,係長,65,12,6,887
37,28,高卒,総務,なし,39,10,3,784
54,33,大卒,製造,主任,2,7,2,1006
30,22,院卒,総務,主任,23,6,6,767
27,36,大卒,総務,なし,18,5,6,864
37,10,高卒,開発,主任,17,4,0,580
50,5,専門卒,総務,なし,63,7,1,706
24,17,院卒,開発,なし,34,12,4,733
41,20,専門卒,営業,なし,61,5,5,834
57,35,大卒,製造,なし,0,5,0,1055
40,37,大卒,総務,なし,24,1,3,937
47,33,大卒,開発,係長,44,2,7,1146
24,16,大卒,企画,なし,48,5,6,578
40,36,大卒,総務,なし,15,13,3,1027
41,24,専門卒,営業,なし,18,3,6,803
53,37,院卒,営業,主任,22,14,1,1175
28,11,大卒,企画,主任,24,13,7,688
62,22,院卒,開発,主任,15,2,1,942
54,21,高卒,総務,係長,53,14,4,1086
61,20,院卒,開発,係長,72,14,5,1222
60,26,大卒,営業,なし,0,4,4,914
39,30,高卒,開発,主任,41,4,1,800
61,5,高卒,営業,係長,18,4,1,729
22,26,大卒,開発,部長,33,4,3,1050
32,39,大卒,企画,係長,79,3,1,1008
49,33,大卒,製造,なし,54,13,7,1073
46,11,高卒,企画,なし,17,12,7,765
44,6,高卒,企画,なし,33,7,2,554
52,9,大卒,製造,主任,44,9,6,809
51,16,大卒,製造,なし,5,12,0,743
63,25,大卒,総務,なし,20,5,1,961
56,20,院卒,総務,係長,69,4,4,1085
28,27,院卒,企画,なし,47,11,5,889
37,1,院卒,企画,係長,38,2,6,673
47,0,大卒,営業,なし,30,2,6,526
23,35,大卒,営業,なし,9,5,5,820
22,25,大卒,総務,なし,29,7,5,632
33,28,大卒,総務,係長,17,10,6,964
26,20,大卒,営業,なし,59,10,2,721
58,10,高卒,営業,なし,72,9,4,815
53,39,大卒,開発,課長,14,13,2,1311
30,10,高卒,開発,なし,3,7,1,424
62,35,大卒,営業,主任,62,5,0,1164
56,38,院卒,開発,主任,39,10,5,1307
40,39,大卒,製造,なし,8,10,7,1003
37,34,専門卒,総務,主任,8,10,4,963
24,33,院卒,総務,なし,25,6,5,916
41,23,大卒,営業,主任,3,11,2,837
45,21,高卒,企画,なし,15,12,3,755
54,4,専門卒,営業,主任,14,3,1,711
45,32,専門卒,開発,なし,51,5,0,894
32,35,高卒,企画,主任,68,8,1,916
29,19,院卒,開発,なし,4,1,3,629
57,18,大卒,製造,なし,19,12,0,864
59,34,院卒,開発,なし,78,1,3,1136
61,16,専門卒,製造,なし,17,7,1,814
41,33,高卒,製造,係長,1,14,2,1006
56,8,大卒,開発,なし,12,5,6,727
46,25,高卒,開発,課長,3,14,1,983
56,1,大卒,製造,課長,41,5,1,815
46,8,院卒,企画,主任,73,1,1,703
50,8,大卒,製造,なし,60,9,4,741
39,39,大卒,総務,なし,7,1,3,865
39,16,高卒,製造,係長,66,5,7,848
23,0,高卒,企画,なし,62,10,3,435
56,24,高卒,総務,なし,8,9,5,953
37,39,大卒,営業,主任,10,14,3,1038
62,24,高卒,営業,係長,41,4,5,1071
57,38,大卒,企画,係長,12,13,4,1254
54,34,大卒,製造,なし,35,8,2,953
25,2,大卒,開発,主任,12,6,5,419
54,36,高卒,企画,なし,11,11,1,1014
35,29,専門卒,総務,なし,36,3,2,800
42,37,院卒,総務,係長,73,4,6,1245
41,33,大卒,営業,なし,72,2,4,951
29,11,大卒,総務,なし,51,1,3,464
28,18,高卒,企画,なし,70,13,5,683
24,36,院卒,総務,係長,1,14,7,1007
38,16,大卒,企画,係長,55,8,1,833
54,9,専門卒,開発,主任,59,1,0,702
33,11,院卒,営業,係長,22,14,6,899
43,15,専門卒,総務,なし,39,13,0,775
43,23,大卒,企画,なし,63,11,2,949
51,18,大卒,製造,なし,22,1,3,723
59,7,専門卒,営業,なし,28,4,7,785
59,30,院卒,開発,なし,77,10,0,1108
29,20,大卒,企画,課長,50,12,2,936
48,16,大卒,開発,なし,68,10,4,836
48,22,高卒,開発,なし,30,6,2,820
55,36,高卒,総務,なし,49,9,6,1076
42,15,専門卒,総務,なし,19,1,7,610
51,5,大卒,企画,課長,54,7,7,1041
54,7,専門卒,製造,なし,1,10,2,675
49,24,大卒,企画,なし,24,11,6,901
54,17,大卒,製造,係長,12,5,2,868
26,24,高卒,開発,なし,69,12,7,777
40,11,大卒,営業,なし,66,8,7,770
25,14,高卒,企画,なし,57,14,1,613
56,25,院卒,企画,主任,74,7,2,1121
38,25,大卒,製造,部長,63,4,5,1266
49,31,高卒,開発,係長,68,4,2,1028
51,9,専門卒,開発,なし,58,6,7,829
50,15,大卒,製造,係長,59,6,1,804
27,6,大卒,開発,なし,61,9,1,487
56,16,大卒,総務,なし,15,12,4,829
62,22,大卒,営業,なし,67,5,6,1081
58,25,高卒,企画,なし,14,8,3,864
45,20,高卒,営業,主任,54,5,0,720
50,21,高卒,企画,主任,34,2,0,791
52,6,大卒,総務,課長,54,6,2,861
56,13,院卒,開発,主任,13,9,4,891
54,14,大卒,製造,主任,48,13,2,1001
42,6,高卒,総務,なし,6,3,0,472
53,8,大卒,営業,なし,29,1,6,703
44,7,大卒,製造,主任,48,1,7,716
54,22,大卒,開発,なし,15,13,6,999
24,28,院卒,総務,係長,50,3,6,944
39,17,専門卒,製造,なし,71,10,1,751
46,30,高卒,総務,なし,79,5,7,996
63,29,院卒,総務,なし,41,3,3,1023
52,38,大卒,開発,なし,16,9,7,1055
24,34,専門卒,企画,なし,62,8,4,840
61,17,大卒,製造,主任,44,3,1,872
45,38,大卒,開発,なし,76,9,3,1120
53,16,大卒,総務,主任,6,13,4,897
43,13,大卒,開発,なし,26,6,4,666
44,30,大卒,企画,なし,9,13,0,886
23,23,大卒,製造,なし,33,7,1,614
48,34,大卒,企画,係長,35,4,4,1169
63,33,大卒,営業,なし,24,4,5,1108
23,2,大卒,製造,係長,5,12,6,489
47,36,大卒,企画,なし,23,13,4,1129
38,39,高卒,総務,係長,17,2,3,933
61,25,大卒,製造,なし,5,5,0,847
54,22,大卒,製造,主任,28,8,2,1018
30,38,大卒,開発,主任,24,7,6,992
64,14,大卒,総務,課長,54,7,0,1095
60,3,大卒,営業,なし,45,6,2,741
50,28,大卒,企画,なし,23,3,1,851
63,21,大卒,開発,なし,74,5,1,949
47,24,高卒,企画,係長,25,13,4,949
56,12,大卒,営業,主任,27,1,5,880
46,17,大卒,営業,係長,2,7,1,804
45,32,大卒,製造,なし,74,9,7,1135
34,15,専門卒,営業,なし,37,1,4,602
28,1,高卒,企画,なし,60,13,6,490
57,34,大卒,総務,課長,77,2,0,1188
41,33,高卒,総務,主任,50,3,1,914
22,29,高卒,製造,課長,47,3,7,991
29,12,高卒,企画,なし,20,8,0,435
37,12,高卒,企画,主任,53,7,0,646
35,17,高卒,営業,主任,55,6,5,684
33,31,大卒,企画,なし,58,10,1,846
44,31,大卒,開発,係長,71,10,0,1071
36,34,院卒,営業,課長,50,11,5,1165
49,38,大卒,開発,係長,19,4,5,1133
55,28,大卒,製造,主任,58,9,1,1017
23,28,高卒,総務,なし,70,1,5,732
53,15,専門卒,製造,なし,8,11,1,742
44,9,大卒,総務,課長,0,2,7,869
43,29,高卒,製造,なし,28,14,1,850
46,24,大卒,企画,主任,62,4,2,857
43,38,大卒,開発,主任,71,3,0,971
43,19,大卒,総務,主任,55,1,7,791
63,4,高卒,営業,部長,67,5,3,1163
27,0,専門卒,開発,なし,34,7,1,470
36,29,大卒,営業,なし,2,2,0,722
64,2,高卒,開発,なし,6,5,6,742
58,13,大卒,開発,なし,26,6,5,877
54,29,大卒,製造,なし,0,11,4,957
29,3,院卒,総務,なし,79,7,1,608
26,17,専門卒,総務,係長,70,1,5,711
60,36,大卒,開発,課長,43,7,5,1339
25,24,大卒,企画,なし,40,4,5,697
27,0,大卒,企画,なし,74,8,5,510
53,14,高卒,営業,課長,41,13,5,1059
51,8,大卒,営業,なし,32,4,1,622
56,14,専門卒,製造,なし,49,6,6,893
61,23,大卒,開発,なし,62,9,3,1059
37,3,高卒,営業,主任,36,5,2,520
34,11,大卒,営業,なし,58,14,5,806
63,36,大卒,開発,課長,47,12,5,1479
51,36,大卒,製造,なし,4,4,2,1001
40,5,専門卒,営業,主任,47,8,6,687
38,38,高卒,製造,なし,2,13,7,986
40,23,大卒,総務,なし,46,9,6,898
49,10,大卒,製造,主任,61,4,7,841
47,12,高卒,企画,係長,13,3,1,663
58,33,大卒,企画,係長,62,8,0,1071
47,24,院卒,製造,主任,60,14,4,1105
44,6,大卒,企画,課長,30,5,4,861
30,3,大卒,総務,係長,16,2,0,420
33,7,院卒,開発,係長,23,10,1,702
22,19,専門卒,企画,なし,22,9,4,575
22,28,大卒,企画,なし,49,3,6,735
55,9,院卒,製造,なし,77,12,2,942
53,33,高卒,総務,主任,78,2,0,963
46,25,大卒,開発,なし,78,1,6,893
61,2,大卒,製造,なし,69,14,3,895
22,5,大卒,製造,係長,26,8,1,498
37,4,大卒,総務,係長,14,11,0,653
60,4,院卒,開発,課長,49,3,4,922
26,22,大卒,総務,なし,35,7,1,585
43,8,高卒,開発,主任,7,1,2,502
50,34,院卒,総務,なし,78,1,1,1029
24,19,専門卒,製造,なし,2,12,1,508
33,34,大卒,製造,なし,61,9,2,930
47,17,大卒,営業,なし,46,12,5,887
37,16,大卒,企画,なし,76,8,2,710
58,23,大卒,総務,係長,60,12,6,1133
43,2,院卒,営業,なし,31,13,1,606
50,31,大卒,企画,主任,12,3,7,972
35,34,大卒,総務,主任,0,6,2,750
49,37,高卒,開発,なし,33,11,5,1045
26,12,院卒,企画,なし,61,3,6,640
51,24,院卒,製造,なし,78,13,7,1109
26,8,大卒,営業,主任,77,12,7,680
33,3,高卒,企画,なし,70,4,0,469
37,13,高卒,企画,なし,30,1,2,632
47,36,専門卒,製造,なし,63,5,2,969
47,33,高卒,総務,主任,24,1,1,937
42,10,大卒,開発,課長,37,13,6,970
60,2,院卒,製造,なし,13,1,0,633
57,27,大卒,開発,主任,7,10,3,1002
54,28,高卒,総務,主任,53,11,3,1027
51,8,専門卒,企画,課長,1,11,4,929
58,2,高卒,開発,係長,77,14,2,800
44,24,高卒,営業,主任,55,7,2,847
31,33,専門卒,営業,主任,60,12,0,960
26,11,専門卒,製造,係長,21,6,5,664
57,8,大卒,総務,なし,34,2,3,669
55,14,院卒,製造,なし,15,14,4,895
52,39,大卒,製造,なし,49,11,0,1125
31,24,大卒,製造,係長,42,12,2,902
40,4,大卒,営業,係長,16,2,3,642
53,10,専門卒,営業,なし,79,11,6,886
22,33,高卒,製造,主任,57,7,4,846
26,23,院卒,営業,なし,1,1,1,622
25,14,高卒,総務,なし,3,13,3,585
37,37,大卒,製造,部長,38,2,4,1306
45,7,大卒,営業,なし,5,12,0,599
37,4,専門卒,開発,なし,68,8,1,514
23,25,専門卒,製造,主任,68,6,4,726
49,17,大卒,製造,主任,19,14,4,909
53,5,高卒,総務,なし,63,2,7,671
48,36,専門卒,企画,主任,15,7,7,1077
41,12,大卒,企画,主任,50,4,7,849
45,27,大卒,総務,なし,36,2,2,896
33,4,高卒,総務,なし,72,12,5,680
56,12,院卒,総務,主任,68,6,3,1003
54,16,大卒,企画,なし,41,11,2,950
54,39,大卒,総務,課長,56,9,6,1413
64,31,大卒,営業,係長,65,11,1,1198
58,28,大卒,製造,部長,8,9,5,1369
33,2,大卒,製造,なし,63,14,4,660
24,39,院卒,開発,課長,21,8,2,1088
22,33,高卒,開発,なし,33,3,7,756
54,39,大卒,製造,なし,54,3,5,1108
61,26,高卒,営業,なし,28,2,6,931
31,12,専門卒,企画,なし,37,5,3,578
64,32,専門卒,企画,主任,17,14,6,1161
50,5,院卒,営業,なし,70,12,1,786
34,23,院卒,企画,なし,64,14,0,916
33,18,高卒,総務,主任,0,4,2,507
52,15,高卒,製造,なし,3,7,7,700
23,39,大卒,製造,主任,3,4,1,831
56,27,大卒,営業,なし,26,9,0,988
44,32,高卒,企画,係長,42,12,7,1080
38,12,大卒,開発,係長,58,12,7,806
47,24,大卒,開発,なし,31,2,7,939
29,35,院卒,企画,なし,32,11,2,886
50,26,専門卒,開発,なし,27,14,1,895
47,37,大卒,営業,係長,54,6,7,1217
31,6,大卒,営業,なし,59,7,6,578
47,4,大卒,企画,なし,69,4,1,589
55,30,大卒,開発,なし,61,13,5,1086
62,22,大卒,営業,なし,79,6,6,1141
28,9,専門卒,営業,なし,33,7,2,544
25,31,大卒,総務,係長,55,4,7,964
32,29,大卒,総務,なし,12,8,1,664
50,38,高卒,営業,なし,55,9,4,1094
57,30,大卒,企画,係長,17,1,2,1050
46,17,専門卒,製造,係長,53,7,1,801
42,35,高卒,製造,なし,76,9,5,1027
57,1,院卒,営業,なし,42,12,7,874
31,13,大卒,営業,なし,38,10,0,614
58,12,大卒,営業,課長,60,5,7,1066
30,28,専門卒,企画,なし,41,12,0,764
45,11,大卒,総務,課長,78,2,4,964
56,38,高卒,営業,主任,17,10,2,1092
56,1,大卒,営業,主任,22,6,5,766
57,31,院卒,開発,なし,53,12,1,1134
39,12,大卒,企画,なし,29,12,1,691
60,26,大卒,営業,なし,57,7,0,1016
53,16,専門卒,開発,なし,67,2,5,795
45,39,院卒,製造,主任,66,2,6,1185
44,30,大卒,営業,課長,70,10,4,1194
53,33,大卒,営業,主任,17,14,0,1099
58,23,大卒,開発,主任,6,12,0,964
33,34,高卒,企画,なし,39,10,4,863
34,5,高卒,営業,なし,69,1,2,422
44,18,大卒,製造,なし,64,4,1,697
46,29,高卒,営業,主任,67,7,2,965
56,6,専門卒,製造,課長,48,14,5,980
62,9,院卒,総務,主任,51,9,6,1019
51,31,大卒,総務,なし,28,3,7,935
38,33,大卒,製造,なし,20,12,3,985
41,27,大卒,企画,主任,77,11,3,1027
46,14,大卒,営業,なし,8,7,3,703
43,29,高卒,営業,係長,46,7,4,1044
34,36,専門卒,総務,係長,75,7,0,1040
40,28,専門卒,製造,主任,41,2,6,884
57,21,大卒,営業,なし,50,6,2,914
33,3,大卒,営業,なし,55,2,7,475
62,19,大卒,企画,なし,50,6,1,955
40,31,大卒,開発,なし,69,13,3,983
33,35,大卒,総務,なし,19,10,2,793
30,3,高卒,総務,主任,26,3,3,387
28,26,大卒,開発,主任,37,14,6,928
49,16,高卒,営業,なし,71,2,3,816
35,11,高卒,企画,なし,64,12,1,620
52,21,高卒,企画,なし,53,14,7,925
40,16,大卒,総務,なし,23,6,5,663
37,9,大卒,企画,係長,46,2,5,771
26,0,専門卒,開発,なし,70,5,6,491
56,21,専門卒,営業,なし,62,2,5,901
33,25,大卒,開発,なし,56,3,4,759
46,17,高卒,製造,係長,54,3,0,804
42,13,院卒,総務,主任,59,6,4,864
57,28,大卒,企画,なし,61,6,2,976
44,11,大卒,製造,主任,29,10,4,722
37,35,大卒,企画,主任,21,3,2,858
60,34,高卒,営業,課長,74,3,2,1234
63,11,大卒,営業,なし,28,13,0,804
60,6,大卒,営業,係長,40,12,1,938
35,28,院卒,企画,課長,41,13,7,1166
52,10,高卒,製造,課長,64,1,6,880
26,32,大卒,営業,主任,30,7,0,745
56,5,大卒,製造,主任,29,13,6,838
44,14,高卒,企画,なし,17,8,5,612
50,31,大卒,製造,係長,16,2,5,1035
64,10,大卒,企画,主任,37,4,4,826
32,22,大卒,企画,主任,13,10,2,796
39,25,専門卒,総務,なし,78,7,3,865
33,33,大卒,企画,主任,55,8,3,1036
30,33,院卒,企画,係長,21,1,6,956
31,28,院卒,開発,なし,66,4,2,720
38,3,高卒,営業,係長,55,6,6,719
59,16,大卒,総務,主任,18,3,0,835
28,34,専門卒,総務,係長,56,5,1,927
34,12,院卒,総務,なし,43,10,7,725
61,38,大卒,開発,なし,34,9,0,1115
63,14,高卒,企画,課長,0,11,2,997
30,28,大卒,営業,なし,51,13,2,827
48,28,専門卒,製造,係長,69,3,1,923
23,10,院卒,企画,なし,36,5,6,699
26,31,院卒,開発,主任,64,8,4,983
50,1,大卒,企画,なし,50,6,4,662
58,13,高卒,企画,主任,0,4,1,770
59,19,大卒,開発,なし,20,8,4,930
40,21,高卒,総務,なし,52,11,3,756
29,10,高卒,総務,なし,15,3,4,508
22,26,大卒,営業,なし,60,3,4,746
43,2,専門卒,営業,課長,53,4,4,744
38,16,大卒,総務,課長,39,9,3,953
28,27,院卒,製造,なし,25,5,6,806
46,28,専門卒,企画,主任,79,8,4,1035
25,20,専門卒,製造,なし,64,6,5,713
57,15,院卒,企画,主任,73,3,3,1019
27,36,高卒,総務,係長,63,8,1,896
52,19,大卒,営業,課長,42,12,0,1068
40,5,院卒,営業,なし,16,9,1,672
60,18,院卒,製造,係長,58,8,0,1040
48,4,大卒,営業,なし,22,13,7,732
31,2,専門卒,総務,部長,6,4,1,839
47,0,専門卒,製造,なし,43,14,5,683
40,37,大卒,企画,主任,52,14,0,995
60,14,院卒,営業,主任,70,13,0,975
24,33,大卒,開発,主任,78,11,2,951
34,34,専門卒,営業,なし,33,6,0,824
49,24,高卒,企画,課長,45,1,0,962
41,23,高卒,製造,なし,67,4,2,853
49,11,大卒,企画,主任,77,8,4,839
29,17,大卒,開発,なし,77,1,4,667
62,14,院卒,総務,なし,15,3,2,762
60,15,大卒,営業,主任,70,1,3,964
22,26,高卒,製造,なし,18,9,7,660
24,7,大卒,総務,なし,1,2,0,386
34,24,大卒,企画,なし,9,9,0,734
49,16,大卒,製造,なし,49,13,2,935
46,28,大卒,総務,係長,11,4,2,958
54,7,大卒,製造,係長,69,2,3,816
59,14,大卒,開発,なし,21,4,5,847
27,26,専門卒,開発,なし,31,12,4,730
53,6,高卒,営業,なし,0,11,1,612
42,2,大卒,営業,なし,53,11,5,644
37,28,高卒,開発,主任,57,10,6,935
42,23,専門卒,製造,主任,69,6,4,868
32,2,高卒,開発,なし,17,11,0,406
58,19,大卒,営業,なし,5,7,6,928
57,14,高卒,開発,なし,44,3,5,723
56,24,大卒,開発,係長,22,3,2,945
40,29,院卒,製造,課長,22,12,3,1149
41,13,高卒,総務,なし,25,10,4,568
39,6,高卒,営業,なし,76,12,3,709
62,16,専門卒,製造,係長,6,8,6,953
35,19,院卒,開発,課長,78,5,4,987
36,35,専門卒,開発,なし,43,4,7,931
52,8,大卒,総務,なし,26,7,7,767
22,37,高卒,営業,なし,25,7,5,758
24,21,大卒,営業,主任,78,13,0,804
37,1,大卒,企画,なし,35,9,7,603
44,23,大卒,営業,なし,54,9,7,903
32,7,院卒,総務,主任,63,5,1,619
33,10,専門卒,企画,なし,56,13,3,586
31,12,大卒,企画,係長,68,12,3,735
53,16,高卒,開発,なし,60,13,7,931
37,7,院卒,開発,なし,1,8,1,527
29,20,大卒,営業,主任,54,10,3,850
59,17,院卒,企画,なし,79,1,3,950
33,29,高卒,開発,課長,37,9,4,945
45,17,高卒,総務,主任,79,8,4,811
49,30,大卒,開発,なし,77,6,1,1023
29,37,大卒,開発,主任,28,13,6,1009
49,31,専門卒,企画,なし,25,3,0,895
57,10,大卒,企画,課長,34,3,5,961
47,24,高卒,製造,なし,78,8,7,928
29,32,大卒,総務,主任,66,5,7,1005
49,37,大卒,企画,なし,28,10,5,1049
49,7,大卒,営業,なし,33,11,7,788
58,10,高卒,総務,係長,40,14,7,953
62,21,大卒,総務,係長,40,7,6,1139
57,23,高卒,企画,なし,22,5,3,923
48,16,院卒,総務,なし,70,8,0,829
38,11,高卒,企画,係長,2,10,7,702
30,31,大卒,開発,課長,57,10,1,1069
54,14,院卒,製造,なし,31,4,6,825
41,15,大卒,開発,なし,30,2,7,789
34,21,大卒,企画,なし,42,3,1,734
49,27,大卒,企画,係長,6,8,4,959
50,19,院卒,開発,なし,0,11,3,798
34,32,大卒,営業,なし,60,13,2,884
56,9,大卒,営業,係長,13,7,7,841
27,39,大卒,営業,なし,51,13,1,962
39,31,大卒,企画,なし,5,2,6,909
26,32,大卒,総務,なし,9,6,3,780
46,1,大卒,企画,なし,70,9,0,598
23,32,専門卒,総務,なし,29,4,6,777
31,32,高卒,開発,主任,20,9,4,809
51,12,高卒,製造,なし,59,2,5,775
26,29,専門卒,総務,主任,73,2,7,884
54,32,高卒,営業,係長,62,9,0,1112
22,12,大卒,企画,係長,41,12,1,613
39,25,専門卒,開発,なし,50,7,7,871
53,21,大卒,営業,なし,63,7,1,921
32,38,高卒,開発,なし,75,1,0,890
42,1,専門卒,製造,なし,55,13,1,555
47,37,大卒,企画,なし,79,11,6,1198
46,38,大卒,企画,主任,40,6,3,1049
43,25,高卒,製造,なし,31,13,1,894
48,14,院卒,企画,なし,14,7,4,772
34,33,院卒,総務,なし,61,11,3,1018
54,39,専門卒,開発,主任,26,14,6,1228
55,10,専門卒,営業,なし,27,6,7,888
62,2,院卒,製造,主任,63,6,2,852
56,5,大卒,総務,なし,58,2,7,745
22,8,大卒,営業,係長,57,6,1,596
42,5,大卒,営業,係長,1,4,1,619
27,8,専門卒,製造,なし,35,9,4,520
49,38,大卒,総務,なし,70,12,6,1145
38,30,専門卒,営業,なし,12,1,4,759
26,31,大卒,営業,なし,14,13,5,865
52,11,大卒,総務,主任,59,8,6,821
26,7,大卒,企画,係長,21,5,0,504
59,7,専門卒,営業,主任,62,1,0,777
24,27,専門卒,開発,係長,74,4,0,785
44,19,大卒,総務,なし,73,1,4,894
58,6,大卒,営業,なし,24,6,0,600
58,10,大卒,製造,主任,47,2,6,822
31,19,高卒,開発,なし,42,5,0,486
31,15,院卒,営業,主任,37,7,2,799
40,3,高卒,開発,なし,40,2,0,394
38,5,院卒,開発,なし,44,6,1,514
42,21,高卒,企画,部長,39,6,5,1145
35,25,大卒,開発,なし,16,5,4,698
30,2,高卒,企画,部長,56,5,3,809
22,13,院卒,総務,課長,1,14,5,822
34,10,大卒,企画,係長,61,3,2,720
25,17,高卒,製造,主任,8,10,4,599
22,11,専門卒,営業,主任,67,10,6,660
61,22,高卒,総務,係長,16,11,7,1046
53,11,高卒,総務,なし,49,12,4,725
55,12,院卒,製造,なし,39,2,1,700
49,24,大卒,企画,主任,57,7,6,997
52,18,大卒,営業,なし,74,1,5,879
29,35,大卒,企画,なし,20,6,5,837
60,7,大卒,開発,なし,17,6,0,615
47,28,高卒,企画,主任,54,3,6,965
55,31,専門卒,総務,係長,28,2,7,1170
24,17,大卒,営業,なし,23,12,1,587
33,5,院卒,企画,課長,73,2,0,726
22,17,専門卒,営業,主任,16,14,0,594
26,18,専門卒,営業,係長,17,13,7,744
51,21,大卒,開発,主任,41,9,4,907
51,36,院卒,開発,係長,44,11,5,1287
38,31,専門卒,総務,なし,16,5,0,810
44,2,大卒,製造,係長,72,7,2,714
36,27,院卒,営業,なし,13,12,2,779
58,9,高卒,製造,係長,48,5,5,873
42,34,高卒,総務,部長,28,7,2,1355
35,28,大卒,営業,なし,3,13,7,870
23,14,院卒,営業,なし,19,4,4,565
32,32,専門卒,製造,係長,46,8,1,883
60,6,大卒,企画,なし,8,13,3,782
59,11,大卒,開発,係長,76,11,0,929
55,29,大卒,企画,なし,78,14,3,1153
59,20,大卒,製造,なし,26,10,1,870
55,30,大卒,開発,課長,14,13,1,1204
39,23,大卒,企画,主任,18,11,7,906
51,19,大卒,開発,係長,51,10,4,1065
36,36,大卒,営業,なし,25,7,2,910
48,3,大卒,企画,主任,25,10,2,723
55,27,院卒,開発,主任,25,5,7,1101
59,19,高卒,開発,主任,45,11,1,914
54,23,大卒,開発,主任,48,6,4,986
45,31,大卒,企画,主任,52,5,4,979
36,35,専門卒,総務,なし,2,7,5,893
51,33,大卒,企画,なし,65,12,6,1110
63,35,大卒,製造,係長,41,2,0,1156
38,1,専門卒,企画,なし,18,5,7,552
26,14,大卒,開発,主任,16,10,6,733
50,33,高卒,営業,なし,32,3,7,980
25,35,専門卒,企画,主任,75,9,2,949
31,5,大卒,企画,主任,48,13,1,629
38,38,専門卒,開発,なし,55,6,7,1010
31,11,大卒,営業,なし,62,13,7,816
38,2,大卒,営業,なし,2,10,5,513
41,17,院卒,製造,主任,48,3,3,827
45,39,大卒,企画,係長,54,7,2,1203
26,20,高卒,営業,なし,25,4,0,575
55,14,大卒,営業,主任,71,14,4,987
27,32,高卒,総務,なし,51,3,1,755
23,34,大卒,総務,なし,6,8,2,736
34,25,院卒,営業,課長,45,13,3,1069
64,7,高卒,製造,なし,45,4,7,752
64,35,大卒,営業,なし,15,11,0,1121
32,29,大卒,開発,なし,23,1,7,835
44,22,院卒,企画,なし,60,6,0,831
37,13,大卒,製造,なし,53,10,5,747
52,13,専門卒,開発,なし,61,11,7,993
32,1,大卒,製造,主任,0,11,2,532
37,36,専門卒,開発,なし,48,1,3,847
29,4,大卒,企画,主任,24,5,0,496
25,37,院卒,企画,なし,9,7,1,793
61,13,大卒,総務,なし,79,6,0,745
25,38,院卒,開発,主任,15,14,3,985
46,24,高卒,総務,課長,57,2,4,1080
24,19,大卒,開発,なし,71,11,4,780
53,1,大卒,総務,係長,28,4,5,750
24,38,高卒,企画,主任,5,11,2,802
48,5,院卒,製造,主任,15,2,3,697
50,16,専門卒,総務,主任,19,11,5,853
53,24,大卒,開発,なし,79,1,6,958
40,27,大卒,開発,なし,70,3,0,865
42,1,大卒,企画,主任,77,3,6,656
26,34,高卒,開発,なし,42,12,0,820
39,36,大卒,営業,課長,25,7,4,1124
49,4,大卒,製造,なし,77,1,5,771
63,0,院卒,総務,なし,70,9,4,775
43,39,大卒,製造,主任,32,11,1,1025
42,11,専門卒,企画,なし,25,6,6,667
27,35,大卒,総務,主任,44,4,6,845
22,22,大卒,総務,主任,62,3,4,614
26,30,大卒,営業,課長,66,3,1,877
62,10,大卒,企画,係長,51,2,0,847
33,9,院卒,開発,主任,67,2,5,703
47,2,大卒,営業,主任,25,14,1,678
55,13,大卒,営業,課長,74,12,5,1120
35,15,高卒,製造,なし,1,13,6,667
47,9,高卒,製造,なし,13,10,5,640
48,28,高卒,製造,なし,29,5,6,922
30,9,高卒,営業,なし,48,9,1,531
47,11,大卒,開発,主任,11,2,6,717
43,29,大卒,総務,主任,43,2,7,999
51,0,大卒,製造,主任,32,12,2,674
64,4,大卒,開発,なし,12,6,6,705
38,19,院卒,企画,主任,77,13,4,998
47,7,大卒,製造,なし,25,10,1,606
57,11,大卒,総務,主任,20,2,7,875
22,0,大卒,企画,主任,27,12,0,425
29,19,大卒,企画,なし,47,4,5,684
56,27,高卒,総務,なし,39,6,7,908
36,36,大卒,製造,なし,65,5,3,1014
43,36,院卒,営業,係長,72,1,7,1182
35,11,大卒,総務,課長,78,6,1,867
47,36,専門卒,総務,主任,76,1,7,1110
49,27,大卒,総務,なし,22,3,7,917
44,14,大卒,企画,なし,47,10,4,788
35,5,高卒,開発,主任,1,5,6,523
45,19,大卒,営業,係長,19,14,5,943
23,13,院卒,製造,なし,58,10,2,635
47,1,大卒,製造,なし,45,13,0,627
35,8,高卒,開発,主任,2,5,2,519
28,36,大卒,総務,なし,54,13,7,998
24,19,院卒,営業,なし,11,10,3,686
44,25,大卒,製造,なし,39,6,1,807
64,28,専門卒,製造,主任,65,12,5,1285
39,0,大卒,総務,係長,77,10,1,732
59,34,大卒,開発,課長,15,8,4,1307
56,5,大卒,営業,主任,33,5,1,635
36,36,大卒,開発,主任,43,14,0,1021
46,4,高卒,開発,なし,5,11,3,543
58,32,院卒,営業,主任,76,1,2,1111
49,13,高卒,営業,なし,63,5,7,773
31,11,大卒,製造,主任,21,3,7,606
60,19,高卒,製造,なし,17,4,3,831
38,23,大卒,営業,なし,11,13,5,890
60,33,大卒,企画,なし,51,8,1,1115
43,24,大卒,製造,なし,50,7,5,999
47,28,高卒,企画,なし,70,11,2,873
46,38,大卒,営業,なし,47,5,5,1039
38,30,高卒,製造,部長,18,2,4,1129
34,22,大卒,開発,なし,5,6,3,736
41,37,院卒,営業,主任,26,11,2,1070
46,19,専門卒,総務,係長,52,6,2,890
25,22,大卒,企画,部長,47,10,6,1180
31,15,大卒,営業,主任,6,10,2,589
24,7,高卒,営業,係長,58,14,6,640
62,20,大卒,製造,なし,68,11,0,1016
39,0,大卒,製造,なし,10,6,7,508
57,7,大卒,製造,なし,14,14,6,744
43,28,高卒,総務,主任,63,9,3,905
55,31,大卒,製造,主任,2,11,5,1067
29,37,大卒,営業,なし,68,8,6,989
61,4,大卒,製造,なし,22,8,2,710
40,21,大卒,開発,主任,52,1,3,778
63,33,大卒,製造,なし,36,5,6,1172
62,0,高卒,総務,主任,8,7,6,699
58,25,高卒,開発,主任,14,6,2,921
27,9,院卒,営業,主任,2,5,4,555
47,29,専門卒,営業,係長,69,8,4,1142
55,17,院卒,企画,係長,16,3,6,966
27,16,大卒,開発,なし,25,6,4,606
58,25,高卒,企画,主任,20,5,1,940
54,7,高卒,開発,主任,71,8,2,778
43,39,専門卒,開発,なし,20,4,1,929
42,11,院卒,総務,なし,10,8,3,613
27,26,大卒,企画,なし,37,10,1,756
27,7,大卒,総務,なし,71,14,3,616
25,24,専門卒,開発,主任,34,2,6,747
51,3,高卒,営業,係長,13,9,3,688
32,32,大卒,開発,なし,13,13,3,836
51,0,高卒,総務,なし,9,9,5,604
52,18,大卒,企画,課長,11,14,1,1033
45,30,大卒,企画,なし,37,10,5,929
30,15,大卒,総務,なし,33,10,6,742
24,13,大卒,企画,主任,40,13,2,585
52,4,大卒,製造,主任,9,6,1,677
61,25,院卒,営業,なし,16,4,2,1033
58,27,大卒,営業,なし,16,4,2,880
57,1,高卒,営業,なし,66,13,3,711
45,5,大卒,企画,主任,61,6,7,756
52,8,高卒,企画,主任,0,5,1,610
27,32,高卒,開発,なし,11,6,2,768
23,24,院卒,開発,主任,3,7,7,744
41,12,大卒,営業,係長,41,7,4,787
49,8,院卒,製造,なし,12,9,2,768
32,12,大卒,開発,なし,3,8,4,566
25,30,大卒,開発,主任,68,13,1,844
36,10,高卒,企画,なし,18,6,6,584
27,3,専門卒,製造,なし,1,12,5,487
51,33,大卒,営業,主任,11,6,1,968
59,37,大卒,開発,係長,73,14,5,1385
23,3,大卒,製造,係長,5,5,5,437
36,37,大卒,製造,主任,7,1,1,813
32,18,高卒,営業,主任,50,9,2,681
29,5,大卒,製造,なし,10,9,0,453
47,33,大卒,製造,主任,62,9,2,1097
26,17,専門卒,製造,なし,56,11,2,597
27,12,大卒,開発,なし,11,8,6,609
47,22,大卒,営業,主任,72,13,3,1004
25,18,高卒,製造,主任,1,10,3,557
40,10,大卒,製造,なし,7,13,2,581
41,0,院卒,開発,課長,10,3,4,736
54,23,高卒,営業,なし,52,1,6,936
41,6,大卒,企画,なし,9,11,5,628
33,24,専門卒,開発,なし,7,12,7,756
22,20,大卒,営業,係長,35,12,3,685
47,14,大卒,製造,主任,75,8,2,912
35,0,専門卒,営業,なし,13,7,6,517
59,11,専門卒,営業,主任,53,13,0,880
58,6,大卒,営業,なし,20,5,4,775
32,14,大卒,企画,係長,49,10,1,751
57,20,大卒,営業,なし,38,7,2,868
34,18,高卒,企画,なし,19,10,6,709
64,28,院卒,製造,課長,6,4,2,1186
24,24,大卒,企画,なし,8,9,7,679
54,32,院卒,製造,なし,0,11,5,1110
27,31,高卒,製造,主任,25,10,4,850
31,34,大卒,企画,課長,37,14,3,1068
26,37,大卒,開発,なし,37,2,3,769
44,25,大卒,総務,なし,60,9,3,891
31,10,大卒,営業,なし,43,9,7,631
23,34,高卒,総務,主任,43,5,1,781
34,7,大卒,営業,なし,73,11,6,695
61,13,大卒,営業,主任,61,1,4,950
23,9,高卒,製造,部長,5,7,4,828
41,1,大卒,営業,なし,16,10,3,513
22,8,大卒,営業,なし,50,10,3,446
58,2,高卒,企画,なし,37,4,5,658
30,20,院卒,総務,なし,23,9,7,723
38,25,院卒,企画,係長,50,6,0,901
30,7,大卒,営業,なし,9,13,0,463
32,1,高卒,製造,なし,71,3,2,408
36,5,大卒,企画,主任,20,6,2,503
45,27,大卒,企画,なし,69,13,4,972
59,28,専門卒,開発,主任,56,10,4,1158
56,25,大卒,営業,なし,38,6,1,964
51,24,大卒,製造,係長,32,5,1,1010
52,11,大卒,企画,課長,58,2,0,901
26,4,大卒,企画,主任,17,10,7,577
35,33,大卒,製造,課長,55,10,2,1165
32,36,院卒,営業,なし,56,2,0,829
30,14,大卒,開発,なし,75,7,7,764
55,35,大卒,企画,主任,47,2,0,1099
33,14,院卒,開発,主任,41,12,2,734
56,22,大卒,総務,なし,26,6,6,994
56,5,大卒,営業,なし,73,5,1,805
22,20,大卒,総務,なし,51,4,5,681
61,22,大卒,総務,なし,41,7,5,1018
43,15,大卒,総務,なし,31,8,5,715
50,14,大卒,営業,主任,25,4,2,810
29,24,院卒,営業,なし,24,1,3,668
32,35,高卒,製造,なし,74,1,3,855
62,10,高卒,開発,主任,22,1,3,771
58,14,大卒,開発,主任,56,11,4,832
35,3,専門卒,製造,係長,51,1,1,562
51,20,専門卒,製造,主任,30,5,1,933
56,12,専門卒,総務,なし,63,4,6,755
42,21,専門卒,製造,係長,70,13,6,1015
58,18,高卒,企画,主任,32,14,4,872
26,33,院卒,開発,なし,1,9,0,742
40,13,専門卒,製造,主任,17,3,7,633
35,3,大卒,企画,課長,46,14,6,843
47,26,大卒,企画,なし,32,7,5,949
25,28,院卒,企画,なし,34,11,3,836
46,27,高卒,企画,なし,50,8,5,869
63,34,院卒,総務,なし,17,6,3,1106
46,7,大卒,企画,なし,71,12,5,790
39,15,大卒,総務,主任,29,13,0,704
61,35,大卒,総務,なし,43,10,7,1154
29,29,大卒,企画,課長,52,13,5,1077
60,17,専門卒,開発,係長,9,1,5,873
61,1,大卒,企画,主任,51,8,2,787
35,12,大卒,企画,係長,48,10,7,883
53,3,大卒,企画,なし,10,3,5,728
59,25,院卒,開発,なし,65,8,2,1077
54,24,専門卒,営業,主任,57,12,1,1022
44,29,院卒,営業,係長,35,4,7,1066
36,10,高卒,総務,係長,32,8,4,659
54,6,高卒,総務,なし,46,11,7,817
46,30,高卒,開発,課長,12,1,7,1048
38,9,専門卒,製造,なし,39,3,5,602
54,38,大卒,営業,係長,67,6,1,1250
23,12,高卒,総務,課長,41,9,7,756
35,30,高卒,営業,なし,18,2,6,833
61,6,院卒,開発,主任,18,11,6,938
61,35,大卒,開発,なし,57,1,2,1100
60,19,大卒,製造,なし,22,10,5,920
27,3,院卒,製造,主任,53,3,5,601
27,6,大卒,開発,主任,79,4,7,626
24,0,高卒,総務,課長,64,11,0,595
28,12,大卒,営業,主任,11,5,1,535
29,21,大卒,企画,なし,23,3,3,676
63,20,専門卒,製造,係長,33,13,3,1071
36,21,大卒,企画,課長,52,10,0,1030
50,27,高卒,総務,なし,7,11,2,841
54,8,専門卒,製造,部長,17,2,3,1023
51,25,大卒,企画,なし,56,2,7,977
60,8,大卒,総務,係長,4,7,3,876
48,14,大卒,営業,なし,25,9,6,844
57,9,大卒,総務,なし,29,10,6,834
50,23,高卒,製造,なし,53,2,4,845
59,7,高卒,開発,主任,12,7,1,709
54,23,院卒,営業,なし,28,7,2,893
58,15,大卒,企画,なし,2,11,5,901
48,25,高卒,製造,主任,57,7,1,840
54,26,大卒,開発,課長,75,3,2,1117
25,36,専門卒,総務,なし,1,12,3,807
43,3,大卒,開発,なし,74,7,4,644
23,23,高卒,製造,なし,27,1,1,555
31,18,大卒,製造,なし,76,10,3,771
